Workbook

Sheet Executive Summary
A1: GenAI Email Theme Discovery Workbench — EPIC / JIRA Backlog
A2: Purpose: create a PM-ready backlog for an email summarization, embedding, clustering, Gemini labeling, Dagster orchestration, and UI-based taxonomy review platform. MVP focuses on discovery, explainability, visual inspection, and maker/checker approval of Level 1 / Level 2 labels.
A5: Metric | B5: Value | D5: Epic | E5: Total Stories | F5: MVP Stories
A6: Total Stories | B6: =COUNTA('JIRA Backlog'!$A$2:$A$44) -> 43 | D6: DS Exploration | E6: =COUNTIF('JIRA Backlog'!$B$2:$B$44,D6) -> 7 | F6: =COUNTIFS('JIRA Backlog'!$B$2:$B$44,D6,'JIRA Backlog'!$M$2:$M$44,"MVP") -> 6
A7: MVP Stories | B7: =COUNTIF('JIRA Backlog'!$M$2:$M$44,"MVP") -> 32 | D7: DS | E7: =COUNTIF('JIRA Backlog'!$B$2:$B$44,D7) -> 10 | F7: =COUNTIFS('JIRA Backlog'!$B$2:$B$44,D7,'JIRA Backlog'!$M$2:$M$44,"MVP") -> 9
A8: Post-MVP Stories | B8: =COUNTIF('JIRA Backlog'!$M$2:$M$44,"Post-MVP") -> 11 | D8: Backend / Engineering | E8: =COUNTIF('JIRA Backlog'!$B$2:$B$44,D8) -> 10 | F8: =COUNTIFS('JIRA Backlog'!$B$2:$B$44,D8,'JIRA Backlog'!$M$2:$M$44,"MVP") -> 7
A9: P0 Stories | B9: =COUNTIF('JIRA Backlog'!$G$2:$G$44,"P0") -> 32 | D9: UI | E9: =COUNTIF('JIRA Backlog'!$B$2:$B$44,D9) -> 9 | F9: =COUNTIFS('JIRA Backlog'!$B$2:$B$44,D9,'JIRA Backlog'!$M$2:$M$44,"MVP") -> 5
A10: P1 Stories | B10: =COUNTIF('JIRA Backlog'!$G$2:$G$44,"P1") -> 10 | D10: Product / Governance | E10: =COUNTIF('JIRA Backlog'!$B$2:$B$44,D10) -> 7 | F10: =COUNTIFS('JIRA Backlog'!$B$2:$B$44,D10,'JIRA Backlog'!$M$2:$M$44,"MVP") -> 5
A11: P2 Stories | B11: =COUNTIF('JIRA Backlog'!$G$2:$G$44,"P2") -> 1
A12: Epics | B12: =COUNTA(_xludf.UNIQUE('JIRA Backlog'!$B$2:$B$50)) -> 1
A15: Epic | B15: P0 | C15: P1 | D15: P2 | E15: MVP %
A16: DS Exploration | B16: =COUNTIFS('JIRA Backlog'!$B$2:$B$44,A16,'JIRA Backlog'!$G$2:$G$44,"P0") -> 6 | C16: =COUNTIFS('JIRA Backlog'!$B$2:$B$44,A16,'JIRA Backlog'!$G$2:$G$44,"P1") -> 1 | D16: =COUNTIFS('JIRA Backlog'!$B$2:$B$44,A16,'JIRA Backlog'!$G$2:$G$44,"P2") -> 0 | E16: =IFERROR(COUNTIFS('JIRA Backlog'!$B$2:$B$44,A16,'JIRA Backlog'!$M$2:$M$44,"MVP")/COUNTIF('JIRA Backlog'!$B$2:$B$44,A16),0) -> 0.85714286
A17: DS | B17: =COUNTIFS('JIRA Backlog'!$B$2:$B$44,A17,'JIRA Backlog'!$G$2:$G$44,"P0") -> 9 | C17: =COUNTIFS('JIRA Backlog'!$B$2:$B$44,A17,'JIRA Backlog'!$G$2:$G$44,"P1") -> 1 | D17: =COUNTIFS('JIRA Backlog'!$B$2:$B$44,A17,'JIRA Backlog'!$G$2:$G$44,"P2") -> 0 | E17: =IFERROR(COUNTIFS('JIRA Backlog'!$B$2:$B$44,A17,'JIRA Backlog'!$M$2:$M$44,"MVP")/COUNTIF('JIRA Backlog'!$B$2:$B$44,A17),0) -> 0.9
A18: Backend / Engineering | B18: =COUNTIFS('JIRA Backlog'!$B$2:$B$44,A18,'JIRA Backlog'!$G$2:$G$44,"P0") -> 7 | C18: =COUNTIFS('JIRA Backlog'!$B$2:$B$44,A18,'JIRA Backlog'!$G$2:$G$44,"P1") -> 3 | D18: =COUNTIFS('JIRA Backlog'!$B$2:$B$44,A18,'JIRA Backlog'!$G$2:$G$44,"P2") -> 0 | E18: =IFERROR(COUNTIFS('JIRA Backlog'!$B$2:$B$44,A18,'JIRA Backlog'!$M$2:$M$44,"MVP")/COUNTIF('JIRA Backlog'!$B$2:$B$44,A18),0) -> 0.7
A19: UI | B19: =COUNTIFS('JIRA Backlog'!$B$2:$B$44,A19,'JIRA Backlog'!$G$2:$G$44,"P0") -> 5 | C19: =COUNTIFS('JIRA Backlog'!$B$2:$B$44,A19,'JIRA Backlog'!$G$2:$G$44,"P1") -> 3 | D19: =COUNTIFS('JIRA Backlog'!$B$2:$B$44,A19,'JIRA Backlog'!$G$2:$G$44,"P2") -> 1 | E19: =IFERROR(COUNTIFS('JIRA Backlog'!$B$2:$B$44,A19,'JIRA Backlog'!$M$2:$M$44,"MVP")/COUNTIF('JIRA Backlog'!$B$2:$B$44,A19),0) -> 0.55555556
A20: Product / Governance | B20: =COUNTIFS('JIRA Backlog'!$B$2:$B$44,A20,'JIRA Backlog'!$G$2:$G$44,"P0") -> 5 | C20: =COUNTIFS('JIRA Backlog'!$B$2:$B$44,A20,'JIRA Backlog'!$G$2:$G$44,"P1") -> 2 | D20: =COUNTIFS('JIRA Backlog'!$B$2:$B$44,A20,'JIRA Backlog'!$G$2:$G$44,"P2") -> 0 | E20: =IFERROR(COUNTIFS('JIRA Backlog'!$B$2:$B$44,A20,'JIRA Backlog'!$M$2:$M$44,"MVP")/COUNTIF('JIRA Backlog'!$B$2:$B$44,A20),0) -> 0.71428571

Sheet JIRA Backlog
A1: JIRA Key | B1: Epic | C1: Workstream | D1: Story Title | E1: User Story | F1: Acceptance Criteria | G1: Priority | H1: Status | I1: Owner | J1: Dependencies | K1: Deliverable / Artifact | L1: Sprint | M1: MVP Flag | N1: Business Value | O1: Notes
A2: DSX-01 | B2: DS Exploration | C2: Data Discovery | D2: Profile email dataset for clustering readiness | E2: As a data scientist, I want to profile email subjects, bodies, threads, and communication metadata so that we understand data quality before clustering. | F2: Dataset profile completed; duplicate emails, chains, signatures, and disclaimers identified; required fields documented. | G2: P0 | H2: Ready for Grooming | I2: Data Science | J2: Email sample dataset access | K2: Data profiling report | L2: Sprint 0 | M2: MVP | N2: Reduces data quality risk before DS investment
A3: DSX-02 | B3: DS Exploration | C3: Embedding Strategy | D3: Compare raw email vs structured summary embeddings | E3: As a data scientist, I want to compare embeddings from raw email text versus Gemini-generated structured summaries so that we choose the best clustering input. | F3: At least 3 embedding input strategies compared; sample clusters reviewed; recommendation documented. | G3: P0 | H3: Ready for Grooming | I3: Data Science | J3: DSX-01 | K3: Embedding strategy comparison | L3: Sprint 0 | M3: MVP | N3: Selects the right semantic representation for labels/themes
A4: DSX-03 | B4: DS Exploration | C4: Clustering Baseline | D4: Explore PCA + hierarchical clustering baseline | E4: As a data scientist, I want to test PCA followed by agglomerative/hierarchical clustering so that we have an interpretable baseline taxonomy. | F4: PCA dimensionality options tested; dendrogram generated; cluster quality metrics captured; representative clusters reviewed. | G4: P0 | H4: Ready for Grooming | I4: Data Science | J4: DSX-02 | K4: Baseline clustering notebook | L4: Sprint 1 | M4: MVP | N4: Creates explainable baseline for PM review
A5: DSX-04 | B5: DS Exploration | C5: Visualization Prototype | D5: Explore UMAP and t-SNE visualization for email clusters | E5: As a product/data science team, we want UMAP and t-SNE views so that users can visually inspect cluster separation. | F5: UMAP and t-SNE plots generated; clusters color-coded; hover metadata available in prototype; limitations documented. | G5: P0 | H5: Ready for Grooming | I5: Data Science | J5: DSX-02 | K5: 2D visualization notebook | L5: Sprint 1 | M5: MVP | N5: Improves business confidence in clustering output
A6: DSX-05 | B6: DS Exploration | C6: Clustering Comparison | D6: Explore density-based clustering with HDBSCAN/DBSCAN | E6: As a data scientist, I want to test density-based clustering so that noisy/outlier emails are not forced into incorrect labels. | F6: Density clustering tested; noise bucket identified; cluster size distribution captured; comparison documented. | G6: P1 | H6: Not Started | I6: Data Science | J6: DSX-02 | K6: Density clustering comparison | L6: Sprint 1 | M6: Post-MVP | N6: Identifies outliers and improves label purity | O6: Prefer HDBSCAN where available; DBSCAN can be fallback.
A7: DSX-06 | B7: DS Exploration | C7: Evaluation | D7: Define cluster evaluation framework | E7: As a product/data science team, we want objective and human-review metrics so that clustering quality can be measured before production. | F7: Metrics include cluster coherence, silhouette/Davies-Bouldin where applicable, label consistency, business interpretability, and noise rate. | G7: P0 | H7: Ready for Grooming | I7: Data Science | J7: DSX-03, DSX-04 | K7: Evaluation framework | L7: Sprint 1 | M7: MVP | N7: Creates measurable MVP success criteria
A8: DSX-07 | B8: DS Exploration | C8: Recommendation | D8: Recommend final MVP clustering approach | E8: As a product manager, I want a clear recommendation on the clustering approach so that the team can move from exploration to build. | F8: Recommendation document completed with chosen algorithm, tradeoffs, risks, assumptions, and MVP scope. | G8: P0 | H8: Ready for Grooming | I8: Product Manager | J8: DSX-03, DSX-04, DSX-06 | K8: MVP approach recommendation | L8: Sprint 1 | M8: MVP | N8: Aligns PM, DS, and engineering on build direction
A9: DS-01 | B9: DS | C9: Summarization | D9: Define structured Gemini summary schema | E9: As a data scientist, I want Gemini to produce structured summaries so that clustering inputs are consistent and less noisy. | F9: JSON schema defined with summary, business intent, requested action, entities, urgency, risk, and evidence phrases. | G9: P0 | H9: Ready for Grooming | I9: Data Science | J9: DSX-01 | K9: Structured summary schema | L9: Sprint 1 | M9: MVP | N9: Creates standardized input for clustering and labeling
A10: DS-02 | B10: DS | C10: Preprocessing | D10: Build email cleaning and preprocessing logic | E10: As a data scientist, I want to remove signatures, disclaimers, forwarded chains, and duplicate text so that summarization and embeddings are higher quality. | F10: Cleaning logic implemented; before/after examples reviewed; exceptions logged. | G10: P0 | H10: Ready for Grooming | I10: Data Science | J10: DS-01 | K10: Email preprocessing module | L10: Sprint 1 | M10: MVP | N10: Improves summary and embedding quality
A11: DS-03 | B11: DS | C11: Summarization | D11: Generate Gemini structured summaries for email corpus | E11: As a data scientist, I want to summarize email subject/body/thread content so that downstream clustering uses normalized business meaning. | F11: Batch summarization job completed; JSON outputs persisted; failed records captured for retry. | G11: P0 | H11: Ready for Grooming | I11: Data Science | J11: DS-01, BE-05 | K11: Structured summaries dataset | L11: Sprint 2 | M11: MVP | N11: Transforms raw email noise into business meaning
A12: DS-04 | B12: DS | C12: Embeddings | D12: Generate embeddings from structured summaries | E12: As a data scientist, I want embeddings from summary, intent, action, and entities so that similar emails can be grouped semantically. | F12: Embeddings generated and stored; embedding model/version captured; input text template documented. | G12: P0 | H12: Ready for Grooming | I12: Data Science | J12: DS-03 | K12: Embeddings dataset | L12: Sprint 2 | M12: MVP | N12: Enables semantic grouping of emails
A13: DS-05 | B13: DS | C13: Dimensionality Reduction | D13: Build dimensionality reduction assets | E13: As a data scientist, I want PCA/UMAP/t-SNE reduced representations so that clusters can be analyzed and visualized. | F13: PCA vectors persisted for clustering; UMAP/t-SNE 2D coordinates persisted for UI. | G13: P0 | H13: Ready for Grooming | I13: Data Science | J13: DS-04 | K13: PCA vectors and 2D coordinates | L13: Sprint 2 | M13: MVP | N13: Feeds both clustering and UI visualization
A14: DS-06 | B14: DS | C14: Clustering | D14: Build clustering asset | E14: As a data scientist, I want to run selected clustering algorithms so that emails are assigned to discovered theme groups. | F14: Cluster IDs assigned; noise/outlier records handled; cluster metadata stored. | G14: P0 | H14: Ready for Grooming | I14: Data Science | J14: DS-05 | K14: Cluster assignments | L14: Sprint 2 | M14: MVP | N14: Produces initial discovered themes/classes
A15: DS-07 | B15: DS | C15: Cluster Explanation | D15: Select representative examples per cluster | E15: As a data scientist, I want central and boundary examples from each cluster so that Gemini can label clusters using representative samples. | F15: For each cluster, central examples, boundary examples, top terms, and neighboring clusters generated. | G15: P0 | H15: Ready for Grooming | I15: Data Science | J15: DS-06 | K15: Cluster representative examples | L15: Sprint 2 | M15: MVP | N15: Makes Gemini labeling more reliable and explainable
A16: DS-08 | B16: DS | C16: LLM Labeling | D16: Generate cluster labels using Gemini 2.5 Pro | E16: As a product manager, I want Gemini to propose business-friendly Level 1 and Level 2 labels so that clusters can become usable taxonomy candidates. | F16: Output includes Level 1 theme, Level 2 label, definition, inclusion/exclusion criteria, confidence, and merge/split recommendation. | G16: P0 | H16: Ready for Grooming | I16: Data Science | J16: DS-07, BE-05 | K16: Gemini-generated taxonomy candidates | L16: Sprint 3 | M16: MVP | N16: Converts clusters into PM-reviewable labels
A17: DS-09 | B17: DS | C17: Taxonomy Versioning | D17: Create taxonomy versioning logic | E17: As a data scientist, I want each taxonomy run versioned so that approved labels can be compared across runs. | F17: Taxonomy version ID created; cluster run, prompt version, model version, and reviewer status captured. | G17: P1 | H17: Not Started | I17: Data Science | J17: DS-08, BE-04 | K17: Taxonomy versioning design | L17: Sprint 3 | M17: Post-MVP | N17: Supports auditability and repeatable taxonomy refresh
A18: DS-10 | B18: DS | C18: Reporting | D18: Build cluster quality report | E18: As a product manager, I want a report showing cluster quality and label confidence so that I can approve or reject the taxonomy. | F18: Report includes cluster count, top clusters by volume, noise rate, confidence, sample emails, and human review status. | G18: P0 | H18: Ready for Grooming | I18: Data Science | J18: DS-08 | K18: Cluster quality report | L18: Sprint 3 | M18: MVP | N18: Helps PMs decide what to approve
... A44: PROD-07 | B44: Product / Governance | C44: Operating Model | D44: Create taxonomy operating model | E44: As a product manager, I want an operating model for ongoing taxonomy updates so that labels do not become stale. | F44: Defines refresh cadence, owner, approval workflow, versioning, rollback, and communication process. | G44: P1 | H44: Not Started | I44: Product Manager | J44: PROD-06 | K44: Taxonomy operating model | L44: Sprint 4 | M44: Post-MVP | N44: Enables sustainable long-term governance

Sheet MVP Scope
A1: Phase | B1: Recommended Stories | C1: Outcome / Reason
A2: Sprint 0 / Foundation | B2: PROD-01, PROD-02, DSX-01, DSX-02 | C2: Align business objective, define taxonomy standards, profile data, and select embedding strategy.
A3: Sprint 1 / Exploration | B3: DSX-03, DSX-04, DSX-06, DSX-07, DS-01, DS-02, BE-01, PROD-03, PROD-04, PROD-05 | C3: Create clustering baseline, visualization prototype, summary schema, preprocessing logic, and governance guardrails.
A4: Sprint 2 / Pipeline Build | B4: DS-03, DS-04, DS-05, DS-06, DS-07, BE-02, BE-04, BE-05 | C4: Run structured summarization, embeddings, dimensionality reduction, clustering, representative examples, and Dagster job.
A5: Sprint 3 / Labeling + APIs | B5: DS-08, DS-10, BE-06, BE-07, BE-08, UI-01, UI-02, UI-03, UI-04 | C5: Generate Gemini labels and expose cluster list/detail APIs for PM review through cluster explorer UI.
A6: Sprint 4 / Review MVP | B6: UI-05 | C6: Enable PM approval/edit/reject workflow for Gemini-generated Level 1 / Level 2 taxonomy labels.
A7: Post-MVP | B7: DSX-05, DS-09, BE-03, BE-09, BE-10, UI-06, UI-07, UI-08, UI-09, PROD-06, PROD-07 | C7: Add density clustering, taxonomy versioning, scheduling, audit, monitoring, search/export, run comparison, promotion criteria, and operating model.

Sheet Dagster Asset Map
A1: Dagster Asset | B1: Description | C1: Owning Epic | D1: Primary Stories | E1: Output Consumers | F1: MVP Flag
A2: raw_email_corpus | B2: Email subject/body/thread/communication metadata loaded for analysis. | C2: Backend / Engineering | D2: BE-01, BE-04 | E2: cleaned_email_corpus | F2: MVP
A3: cleaned_email_corpus | B3: Signatures, disclaimers, duplicate chains, and noisy text removed. | C3: DS | D3: DS-02 | E3: gemini_structured_summaries | F3: MVP
A4: gemini_structured_summaries | B4: Gemini-generated JSON summaries with business intent, action, entities, urgency, risk, and evidence. | C4: DS | D4: DS-01, DS-03, BE-05 | E4: email_summary_embeddings | F4: MVP
A5: email_summary_embeddings | B5: Embeddings created from summary + intent + action + entities. | C5: DS | D5: DS-04 | E5: pca_embeddings, umap_coordinates, tsne_coordinates | F5: MVP
A6: pca_embeddings | B6: Reduced-dimensional representation for clustering stability and performance. | C6: DS | D6: DS-05 | E6: cluster_assignments | F6: MVP
A7: umap_coordinates | B7: 2D coordinates for UI cluster explorer visualization. | C7: DS / UI | D7: DS-05, UI-02 | E7: UI cluster map | F7: MVP
A8: tsne_coordinates | B8: Alternative 2D visualization coordinates for comparison and visual validation. | C8: DS / UI | D8: DS-05, UI-02 | E8: UI cluster map | F8: MVP
A9: cluster_assignments | B9: Cluster IDs, sizes, and noise/outlier flags per email. | C9: DS | D9: DS-06 | E9: cluster_representative_examples, UI | F9: MVP
A10: cluster_representative_examples | B10: Central examples, boundary examples, top terms, and neighboring clusters. | C10: DS | D10: DS-07 | E10: gemini_cluster_labels, UI cluster details | F10: MVP
A11: gemini_cluster_labels | B11: Gemini-generated Level 1/Level 2 labels, definitions, inclusion/exclusion criteria, confidence, merge/split recommendations. | C11: DS | D11: DS-08 | E11: taxonomy_review_dataset | F11: MVP
A12: cluster_quality_report | B12: Cluster count, top clusters, noise rate, label confidence, and review readiness. | C12: DS | D12: DS-10 | E12: PM review | F12: MVP
... A16: pipeline_monitoring_events | B16: Dagster and LLM error events, invalid JSON, retries, and failed record reports. | C16: Backend / Engineering | D16: BE-10 | E16: Operations dashboard | F16: Post-MVP

Sheet Category Lists
A1: Epic | B1: Priority | C1: Status | D1: Owner | E1: MVP Flag | F1: Sprint
A2: DS Exploration | B2: P0 | C2: Not Started | D2: Product Manager | E2: MVP | F2: Sprint 0
A3: DS | B3: P1 | C3: Ready for Grooming | D3: Data Science | E3: Post-MVP | F3: Sprint 1
A4: Backend / Engineering | B4: P2 | C4: In Progress | D4: Backend Engineering | F4: Sprint 2
A5: UI | C5: Blocked | D5: UI Engineering | F5: Sprint 3
A6: Product / Governance | C6: Done | D6: Platform Engineering | F6: Sprint 4
D7: Governance / Control | F7: TBD
